date,Open,High,Low,Close,Volume
2023-08-10,1935.76,1958.16,1930.66,1951.78,395625
2023-08-11,1953.42,1966.88,1936.51,1949.77,195141
2023-08-14,1950.05,1961.73,1926.76,1935.96,279139
2023-08-15,1936.85,1962.23,1930.51,1951.94,270184
2023-08-16,1951.26,1977.77,1941.01,1966.13,239483
2023-08-17,1969.76,1998.45,1955.17,1983.72,267945
2023-08-18,1982.79,1999.01,1973.16,1984.87,122306
2023-08-21,1983.82,2008.28,1975.2,1997.09,149368
2023-08-22,1995.57,2019.57,1979.44,2000.98,419005
2023-08-23,2004.12,2033.78,1993.6,2016.2,347143
2023-08-24,2018.04,2031.66,1994.58,2003.2,243905
2023-08-25,2002.91,2034.59,1992.51,2021.99,138464
2023-08-28,2018.38,2046.94,2007.87,2031.3,313535
2023-08-29,2029.43,2047.1,2020.96,2037.92,404154
2023-08-30,2040.03,2049.49,2028.0,2037.09,261777
2023-08-31,2038.38,2052.0,2031.6,2042.14,147827
2023-09-01,2040.97,2068.42,2032.43,2058.97,140913
2023-09-04,2058.21,2073.49,2050.07,2063.23,156504
2023-09-05,2063.65,2065.88,2054.77,2056.14,177365
2023-09-06,2054.88,2079.49,2043.83,2067.52,349476
2023-09-07,2066.61,2068.46,2066.57,2068.42,362372
2023-09-08,2068.07,2104.63,2058.46,2091.13,260081
2023-09-11,2089.99,2106.11,2077.33,2088.85,345918
2023-09-12,2091.6,2104.88,2061.8,2071.0,338260
2023-09-13,2074.43,2087.99,2058.19,2068.48,88027
2023-09-14,2068.33,2096.57,2055.55,2080.84,366423
2023-09-15,2080.76,2094.94,2070.32,2082.18,132292
2023-09-18,2084.68,2106.06,2076.63,2096.63,196682
2023-09-19,2095.99,2108.06,2082.44,2093.53,370137
2023-09-20,2091.62,2125.13,2075.98,2106.84,386364
2023-09-21,2108.11,2118.73,2094.18,2102.81,150636
2023-09-22,2103.29,2129.82,2095.15,2118.51,123887
2023-09-25,2116.06,2126.16,2110.45,2119.53,220289
2023-09-26,2120.46,2165.16,2115.6,2158.67,206931
2023-09-27,2161.08,2185.14,2138.72,2154.53,280778
2023-09-28,2155.53,2204.17,2145.87,2188.05,384987
2023-09-29,2187.47,2202.34,2147.09,2161.54,163821
2023-10-02,2159.06,2179.38,2145.65,2158.62,371543
2023-10-03,2156.53,2177.77,2142.13,2161.51,283504
2023-10-04,2163.35,2178.3,2137.02,2151.32,148071
2023-10-05,2152.52,2187.4,2140.79,2168.88,405410
2023-10-06,2169.15,2193.76,2161.43,2185.8,369429
2023-10-09,2185.32,2232.48,2174.97,2219.13,305156
2023-10-10,2214.55,2264.02,2205.87,2249.65,258883
2023-10-11,2248.82,2264.43,2242.88,2256.67,163388
2023-10-12,2254.87,2263.91,2225.96,2233.13,415673
2023-10-13,2236.14,2250.9,2209.02,2223.09,359845
2023-10-16,2222.54,2236.09,2191.37,2201.8,259087
2023-10-17,2198.87,2221.49,2184.39,2205.72,376896
2023-10-18,2206.72,2225.25,2193.47,2207.17,408507
2023-10-19,2204.55,2221.56,2192.96,2204.64,185342
2023-10-20,2200.94,2215.64,2179.16,2190.53,84297
2023-10-23,2193.52,2228.23,2185.07,2214.47,234530
2023-10-24,2218.22,2232.97,2207.1,2218.48,310710
2023-10-25,2216.89,2228.78,2179.07,2187.54,90633
2023-10-26,2189.3,2199.9,2177.27,2183.79,149742
2023-10-27,2185.42,2199.43,2158.84,2169.3,378317
2023-10-30,2165.64,2188.73,2156.75,2175.59,331109
2023-10-31,2177.29,2195.14,2160.65,2172.2,359343
2023-11-01,2173.42,2190.87,2163.22,2178.06,144408
2023-11-02,2178.58,2226.98,2170.4,2214.35,260100
2023-11-03,2211.54,2241.61,2200.67,2224.85,361727
2023-11-06,2221.64,2246.17,2206.15,2230.31,289172
2023-11-07,2232.18,2259.54,2220.14,2242.42,243911
2023-11-08,2240.14,2251.3,2234.01,2243.11,331217
2023-11-09,2241.79,2254.85,2232.42,2243.25,242444
2023-11-10,2242.69,2255.41,2220.54,2231.77,374104
2023-11-13,2226.54,2238.47,2206.32,2217.27,282176
2023-11-14,2214.98,2254.33,2203.21,2239.22,297178
2023-11-15,2236.78,2252.74,2216.53,2227.93,274279
2023-11-16,2226.12,2232.73,2217.43,2223.0,84724
2023-11-17,2219.88,2239.06,2201.93,2214.28,299273
2023-11-20,2216.24,2235.07,2204.41,2221.59,193878
2023-11-21,2224.36,2229.81,2217.06,2221.07,330536
2023-11-22,2224.71,2232.81,2211.75,2217.21,359623
2023-11-23,2215.17,2235.43,2198.05,2212.04,312007
2023-11-24,2211.09,2218.63,2170.03,2176.19,271904
2023-11-27,2180.24,2190.68,2145.19,2152.03,251634
2023-11-28,2151.85,2189.98,2136.98,2169.54,289541
2023-11-29,2174.07,2191.16,2165.82,2179.74,260838
2023-11-30,2180.19,2199.68,2158.11,2175.5,310191
2023-12-01,2174.91,2212.54,2166.07,2202.97,201580
2023-12-04,2204.45,2240.05,2192.73,2227.34,362926
2023-12-05,2228.55,2263.25,2214.53,2241.48,238099
2023-12-06,2243.25,2255.39,2231.88,2239.65,159544
2023-12-07,2239.26,2254.62,2222.13,2233.65,105246
2023-12-08,2235.89,2251.7,2219.08,2234.37,364906
2023-12-11,2238.2,2251.94,2228.46,2239.31,166225
2023-12-12,2240.03,2246.5,2234.3,2239.94,305142
2023-12-13,2238.12,2246.52,2218.44,2225.56,406226
2023-12-14,2225.5,2252.41,2211.99,2232.94,184760
2023-12-15,2228.03,2252.61,2218.13,2239.26,263679
2023-12-18,2237.68,2256.64,2226.06,2239.34,276407
2023-12-19,2244.29,2257.73,2221.05,2233.3,105748
2023-12-20,2235.78,2253.39,2222.88,2239.45,154963
2023-12-21,2233.64,2247.88,2218.34,2231.85,268718
2023-12-22,2234.42,2252.29,2203.66,2217.26,284128
2023-12-25,2215.78,2228.46,2206.69,2215.53,192899
2023-12-26,2217.23,2251.38,2207.64,2236.98,288887
2023-12-27,2235.69,2248.55,2215.48,2227.88,390604
2023-12-28,2226.52,2238.92,2219.5,2229.37,291763
2023-12-29,2234.65,2258.51,2198.43,2218.54,267635
2024-01-01,2216.04,2230.12,2203.43,2216.19,207125
2024-01-02,2220.37,2224.01,2203.64,2205.96,410067
2024-01-03,2206.76,2219.3,2186.96,2196.01,215093
2024-01-04,2194.49,2208.14,2173.01,2184.17,130818
2024-01-05,2188.31,2197.08,2177.76,2184.02,226507
2024-01-08,2182.41,2196.47,2172.45,2184.57,298459
2024-01-09,2185.33,2198.09,2174.07,2186.63,287912
2024-01-10,2185.35,2200.04,2173.91,2187.98,139257
2024-01-11,2183.97,2199.86,2160.3,2176.05,319640
2024-01-12,2175.63,2196.95,2152.0,2166.72,259405
2024-01-15,2167.76,2178.95,2159.05,2166.17,82418
2024-01-16,2168.68,2188.26,2160.55,2179.21,125701
2024-01-17,2181.2,2189.88,2161.55,2169.93,335772
2024-01-18,2170.03,2180.21,2155.28,2164.26,222448
2024-01-19,2164.0,2197.45,2146.64,2179.94,272814
2024-01-22,2179.35,2194.77,2164.03,2177.25,380730
2024-01-23,2177.47,2199.53,2163.78,2184.47,234133
2024-01-24,2186.43,2200.66,2177.41,2189.87,358500
2024-01-25,2190.53,2198.47,2167.75,2173.8,98436
2024-01-26,2175.09,2194.35,2161.1,2179.39,85590
2024-01-29,2176.72,2207.69,2162.64,2188.08,187014
2024-01-30,2191.04,2211.98,2144.56,2164.87,399100
2024-01-31,2165.23,2170.65,2157.81,2163.18,288481
2024-02-01,2165.94,2184.1,2151.74,2166.17,350038
2024-02-02,2166.07,2184.84,2152.13,2167.31,109431
2024-02-05,2170.52,2184.14,2162.97,2173.02,199703
2024-02-06,2170.51,2186.29,2146.93,2158.07,371546
2024-02-07,2158.24,2167.9,2139.12,2147.83,314810
2024-02-08,2147.77,2162.32,2130.79,2142.86,234630
2024-02-09,2140.83,2173.42,2131.73,2158.25,149538
2024-02-12,2157.96,2186.75,2147.22,2169.4,374304
2024-02-13,2170.41,2200.24,2156.99,2182.05,220055
2024-02-14,2182.28,2206.79,2165.87,2190.22,216674
2024-02-15,2187.94,2203.53,2177.34,2186.92,147304
2024-02-16,2188.52,2201.8,2170.18,2180.35,151824
2024-02-19,2178.22,2192.28,2161.95,2173.85,138147
2024-02-20,2172.93,2209.0,2159.84,2188.29,388919
2024-02-21,2189.11,2210.65,2154.84,2172.82,212570
2024-02-22,2171.9,2185.59,2155.35,2163.79,234448
2024-02-23,2163.37,2178.85,2152.01,2164.2,386257
2024-02-26,2164.09,2184.77,2145.87,2159.88,234879
2024-02-27,2162.2,2172.31,2150.26,2158.27,406021
2024-02-28,2159.28,2170.72,2134.8,2145.4,419994
2024-02-29,2146.47,2158.84,2126.27,2137.14,387946
2024-03-01,2136.15,2150.42,2119.77,2133.29,251669
2024-03-04,2133.56,2161.38,2119.77,2146.24,178926
2024-03-05,2146.78,2165.24,2118.76,2134.91,375831
2024-03-06,2132.38,2139.56,2123.23,2129.81,299123
2024-03-07,2127.71,2154.59,2119.3,2141.72,259970
2024-03-08,2141.47,2157.64,2123.39,2133.36,83946
2024-03-11,2128.58,2147.0,2120.6,2134.12,134996
2024-03-12,2131.98,2148.2,2112.22,2126.07,264566
2024-03-13,2127.37,2138.59,2114.98,2125.14,341555
2024-03-14,2125.49,2138.59,2108.33,2117.64,215291
2024-03-15,2117.74,2124.01,2112.74,2117.3,400422
2024-03-18,2117.75,2136.45,2105.36,2119.1,257957
2024-03-19,2119.66,2135.2,2102.11,2117.52,201587
2024-03-20,2116.46,2129.43,2088.55,2099.32,199097
2024-03-21,2097.34,2113.68,2088.78,2102.18,282019
2024-03-22,2102.93,2132.83,2092.43,2116.58,341584
2024-03-25,2116.23,2145.38,2098.38,2126.21,148480
2024-03-26,2128.27,2145.91,2107.19,2121.75,116981
2024-03-27,2123.17,2141.85,2109.74,2126.84,104479
2024-03-28,2126.19,2148.25,2110.39,2131.06,409242
2024-03-29,2129.58,2149.33,2121.36,2140.01,287989
2024-04-01,2140.73,2154.23,2128.79,2137.85,395949
2024-04-02,2138.61,2150.9,2122.2,2129.75,239267
2024-04-03,2130.53,2143.48,2118.15,2126.01,210457
2024-04-04,2126.14,2144.36,2119.35,2136.65,298302
2024-04-05,2140.6,2152.14,2123.9,2132.53,131091
2024-04-08,2133.06,2164.46,2115.67,2142.02,239780
2024-04-09,2142.68,2158.43,2119.7,2133.0,285246
2024-04-10,2134.86,2146.85,2117.07,2125.55,258772
2024-04-11,2125.56,2136.96,2108.95,2120.3,180129
2024-04-12,2119.07,2136.44,2095.57,2107.08,199957
2024-04-15,2108.0,2133.73,2091.36,2116.82,278304
2024-04-16,2116.12,2144.6,2105.09,2129.82,394066
2024-04-17,2127.55,2143.31,2104.93,2119.6,183674
2024-04-18,2117.71,2142.85,2101.81,2125.92,254560
2024-04-19,2122.05,2131.87,2116.49,2124.39,231423
2024-04-22,2121.73,2137.92,2105.92,2116.36,109063
2024-04-23,2116.22,2124.21,2110.04,2114.83,169774
2024-04-24,2117.57,2136.0,2087.77,2106.07,119866
2024-04-25,2105.73,2119.96,2084.55,2097.11,340081
2024-04-26,2094.17,2104.14,2075.79,2084.97,385953
2024-04-29,2087.8,2098.36,2067.06,2077.07,223174
2024-04-30,2077.4,2088.36,2063.9,2073.89,375611
2024-05-01,2074.86,2097.34,2062.42,2076.83,392495
2024-05-02,2077.61,2111.67,2066.06,2093.67,413782
2024-05-03,2090.93,2106.03,2084.68,2097.59,119752
2024-05-06,2098.08,2108.23,2089.82,2097.36,336943
2024-05-07,2096.51,2102.6,2078.88,2083.23,285398
2024-05-08,2083.29,2101.03,2071.62,2088.96,408452
2024-05-09,2090.05,2104.89,2073.27,2084.67,275419
2024-05-10,2084.31,2094.51,2064.31,2073.49,102519
2024-05-13,2067.77,2101.0,2052.19,2081.27,214828
2024-05-14,2082.5,2099.09,2065.12,2079.74,316261
2024-05-15,2081.87,2092.3,2059.79,2067.81,217657
2024-05-16,2066.92,2077.77,2062.26,2072.13,368581
2024-05-17,2069.61,2086.58,2061.21,2072.8,193163
2024-05-20,2076.99,2086.61,2059.09,2067.89,323935
2024-05-21,2066.09,2080.69,2048.13,2061.86,290722
2024-05-22,2064.65,2077.88,2034.03,2043.95,229546
2024-05-23,2042.29,2058.18,2023.7,2036.1,169994
2024-05-24,2033.8,2044.86,2027.48,2035.86,178837
2024-05-27,2035.56,2050.21,2031.34,2043.22,236784
2024-05-28,2042.41,2055.89,2026.73,2037.1,220240
2024-05-29,2037.98,2053.43,2028.92,2043.62,235487
2024-05-30,2042.04,2060.81,2038.23,2055.43,337382
2024-05-31,2053.48,2071.38,2034.43,2045.48,166300
2024-06-03,2045.01,2074.58,2030.32,2057.87,140571
2024-06-04,2059.4,2071.27,2038.41,2049.87,319168
2024-06-05,2052.91,2075.02,2042.83,2062.23,86567
2024-06-06,2065.56,2075.36,2048.87,2054.79,231437
2024-06-07,2059.4,2101.38,2048.02,2089.69,312702
2024-06-10,2090.78,2100.13,2046.85,2052.46,161024
2024-06-11,2050.19,2067.17,2033.65,2047.51,300124
2024-06-12,2049.04,2063.26,2005.83,2014.46,364568
2024-06-13,2016.48,2027.4,2004.16,2012.89,280188
2024-06-14,2011.01,2065.78,1995.5,2047.49,325206
2024-06-17,2044.76,2059.2,1989.28,2002.18,253807
2024-06-18,2000.96,2027.25,1992.76,2015.85,393040
2024-06-19,2014.55,2023.17,1953.54,1960.6,301255
2024-06-20,1964.67,2022.47,1951.75,2002.13,345723
2024-06-21,2003.6,2065.43,1986.56,2043.69,363316
2024-06-24,2043.52,2073.74,2029.95,2059.52,123102
2024-06-25,2059.37,2066.09,2046.03,2051.92,272606
2024-06-26,2051.66,2144.26,2042.92,2133.62,277537
2024-06-27,2135.71,2146.55,2112.1,2122.02,211993
2024-06-28,2117.41,2126.03,2044.6,2051.42,161727
2024-07-01,2050.06,2064.86,2039.98,2053.32,116426
2024-07-02,2054.41,2061.41,2041.71,2046.45,264788
2024-07-03,2047.42,2061.55,1998.15,2011.7,409165
2024-07-04,2011.58,2022.0,1992.33,2001.45,279862
2024-07-05,2002.07,2011.89,1988.51,1998.09,132824
2024-07-08,1996.0,2007.74,1941.3,1949.17,179114
2024-07-09,1949.73,1973.26,1943.42,1963.05,84891
2024-07-10,1961.35,2017.93,1949.18,2002.78,405669
2024-07-11,2004.4,2014.26,1967.52,1974.94,141120
2024-07-12,1973.69,1986.65,1963.33,1972.85,404182
2024-07-15,1969.34,2022.14,1965.54,2015.88,375114
2024-07-16,2015.21,2033.81,1974.38,1990.01,340355
2024-07-17,1989.86,2001.42,1964.18,1975.35,312922
2024-07-18,1976.05,2025.29,1967.94,2014.88,282045
2024-07-19,2015.12,2050.67,2010.31,2043.99,110949
2024-07-22,2040.38,2052.99,2031.22,2042.62,195997
2024-07-23,2041.73,2057.6,2002.61,2017.27,296785
2024-07-24,2020.3,2034.28,1988.56,2001.05,116014
2024-07-25,1997.96,2087.61,1988.5,2074.95,200468
2024-07-26,2076.62,2086.06,2049.61,2057.24,349813
2024-07-29,2058.84,2088.32,2055.29,2084.33,334337
2024-07-30,2085.35,2116.92,2076.42,2103.09,189811
2024-07-31,2107.95,2130.35,2100.16,2117.9,256334
2024-08-01,2115.96,2143.34,2104.5,2128.92,339850
2024-08-02,2122.2,2155.9,2114.37,2142.87,80913
2024-08-05,2142.68,2157.2,2109.78,2123.41,374382
2024-08-06,2125.43,2132.63,2095.9,2100.35,184554
2024-08-07,2102.94,2110.61,1997.72,2004.46,205105
2024-08-08,2004.5,2022.27,1955.1,1966.18,81065
2024-08-09,1964.6,1979.23,1935.24,1944.5,155256
2024-08-12,1946.16,1956.38,1903.71,1911.46,117769
2024-08-13,1912.71,1941.01,1906.98,1931.64,233231
2024-08-14,1932.48,1945.87,1905.9,1914.26,86567
2024-08-15,1915.97,1927.59,1871.09,1881.12,331917
2024-08-16,1883.1,1924.77,1876.91,1917.33,407753
2024-08-19,1917.53,1930.47,1849.94,1862.45,301745
2024-08-20,1860.4,1868.53,1796.42,1801.47,380906
2024-08-21,1800.9,1818.28,1787.65,1804.38,300576
2024-08-22,1803.73,1811.44,1799.38,1804.82,240787
2024-08-23,1807.51,1825.2,1800.11,1817.31,195453
2024-08-26,1816.36,1823.8,1805.05,1811.35,194549
2024-08-27,1813.32,1825.81,1780.08,1791.95,124651
2024-08-28,1790.58,1807.14,1782.19,1798.58,172383
2024-08-29,1800.51,1819.03,1790.73,1807.94,246184
2024-08-30,1806.46,1820.15,1786.62,1798.66,116274
2024-09-02,1800.39,1833.64,1794.99,1826.6,100247
2024-09-03,1824.16,1842.29,1814.8,1830.26,260993
2024-09-04,1827.56,1854.29,1817.9,1843.45,261247
2024-09-05,1843.76,1856.13,1841.93,1853.87,305015
2024-09-06,1852.98,1874.66,1843.43,1862.86,248032
2024-09-09,1862.13,1875.79,1849.4,1858.26,218600
2024-09-10,1858.68,1874.61,1850.33,1863.3,248933
2024-09-11,1862.85,1876.22,1852.08,1865.11,329975
2024-09-12,1865.88,1880.93,1851.78,1862.73,162190
2024-09-13,1861.11,1879.09,1836.49,1853.67,382416
2024-09-16,1855.9,1875.71,1844.15,1862.81,388103
2024-09-17,1863.45,1876.26,1843.75,1852.81,164994
2024-09-18,1853.52,1868.48,1840.05,1849.8,130210
2024-09-19,1855.25,1865.85,1843.25,1853.0,95583
2024-09-20,1856.51,1880.89,1847.39,1867.43,368135
2024-09-23,1867.17,1875.98,1836.14,1842.58,183878
2024-09-24,1843.49,1859.07,1828.38,1839.06,246669
2024-09-25,1838.5,1851.94,1831.72,1842.76,104674
2024-09-26,1840.72,1864.77,1828.06,1848.81,367557
2024-09-27,1849.84,1863.72,1839.87,1852.07,384068
2024-09-30,1853.62,1871.0,1836.45,1850.07,227506
2024-10-01,1850.86,1864.19,1841.6,1853.05,386221
2024-10-02,1852.21,1876.68,1844.1,1866.37,255777
2024-10-03,1863.04,1879.06,1854.39,1869.75,89377
2024-10-04,1873.22,1892.88,1863.42,1883.02,149380
2024-10-07,1882.62,1915.98,1869.39,1900.89,121679
2024-10-08,1901.98,1915.36,1892.32,1905.53,85279
2024-10-09,1905.8,1919.61,1869.46,1881.63,358399
2024-10-10,1875.56,1891.86,1867.71,1881.72,190203
2024-10-11,1879.45,1893.89,1867.09,1878.71,407967
2024-10-14,1881.7,1889.65,1875.46,1881.99,197172
2024-10-15,1882.63,1899.2,1858.95,1872.76,137538
2024-10-16,1870.53,1913.37,1864.87,1905.84,279059
2024-10-17,1906.87,1916.41,1851.53,1860.82,403393
2024-10-18,1861.89,1879.77,1830.57,1846.99,149615
2024-10-21,1846.64,1860.37,1815.57,1827.5,325705
2024-10-22,1826.16,1838.11,1814.84,1823.84,215162
2024-10-23,1823.38,1832.0,1812.27,1820.77,302380
2024-10-24,1819.64,1880.13,1811.22,1870.96,100848
2024-10-25,1869.62,1884.66,1782.98,1795.63,358670
2024-10-28,1796.54,1819.77,1790.31,1812.35,340073
2024-10-29,1809.56,1826.15,1795.17,1810.75,343370
2024-10-30,1814.33,1827.81,1804.88,1815.65,109338
2024-10-31,1813.63,1859.57,1805.93,1846.84,379855
2024-11-01,1848.71,1875.91,1836.06,1862.26,168144
2024-11-04,1865.93,1877.6,1820.33,1830.54,250936
2024-11-05,1831.19,1860.83,1822.85,1849.94,313704
2024-11-06,1850.11,1859.38,1812.48,1819.38,245827
2024-11-07,1820.97,1832.38,1811.76,1821.86,82566
2024-11-08,1825.28,1838.87,1793.45,1805.15,106596
2024-11-11,1808.16,1820.46,1755.9,1764.11,409368
2024-11-12,1765.47,1770.97,1716.01,1720.2,234396
2024-11-13,1721.07,1737.92,1713.82,1730.51,126132
2024-11-14,1730.8,1783.32,1719.94,1768.59,88439
2024-11-15,1767.26,1782.8,1760.56,1775.35,208127
2024-11-18,1776.55,1792.72,1761.31,1774.02,188194
2024-11-19,1773.88,1787.35,1751.9,1761.46,309852
2024-11-20,1761.23,1768.84,1724.66,1731.33,375865
2024-11-21,1728.42,1748.87,1726.36,1746.61,278912
2024-11-22,1743.72,1762.02,1707.99,1722.11,172749
2024-11-25,1721.32,1770.92,1715.67,1761.86,266525
2024-11-26,1762.97,1778.6,1726.73,1741.34,195411
2024-11-27,1741.91,1755.0,1719.79,1729.81,357147
2024-11-28,1726.71,1775.26,1720.07,1766.72,302802
2024-11-29,1764.1,1790.44,1754.41,1779.69,405486
2024-12-02,1779.75,1867.51,1769.0,1856.13,142764
2024-12-03,1858.12,1899.16,1850.64,1889.97,241362
2024-12-04,1889.89,1902.13,1869.23,1880.87,348650
2024-12-05,1878.03,1894.34,1872.08,1886.74,208886
2024-12-06,1882.94,1894.21,1846.2,1855.55,228407
2024-12-09,1856.27,1871.73,1822.13,1835.89,307858
2024-12-10,1835.66,1843.17,1812.26,1818.26,364813
2024-12-11,1816.97,1830.32,1791.62,1802.11,197476
2024-12-12,1802.61,1818.92,1729.39,1739.37,95537
2024-12-13,1738.26,1754.33,1726.56,1740.85,220335
2024-12-16,1741.95,1751.82,1736.25,1745.79,266730
2024-12-17,1745.11,1768.81,1737.3,1758.5,296122
2024-12-18,1759.76,1766.54,1743.37,1748.04,334656
2024-12-19,1747.72,1763.23,1709.26,1721.56,80787
2024-12-20,1721.96,1737.22,1712.18,1723.59,240962
2024-12-23,1725.43,1738.75,1695.62,1706.75,417348
2024-12-24,1708.04,1716.28,1685.43,1691.78,174901
2024-12-25,1691.15,1700.49,1684.81,1692.76,214187
2024-12-26,1692.64,1706.22,1690.29,1703.22,243200
2024-12-27,1703.92,1716.45,1674.08,1685.44,380643
2024-12-30,1687.05,1725.39,1679.41,1717.46,279826
2024-12-31,1716.95,1727.45,1657.79,1667.45,277554
2025-01-01,1668.89,1678.39,1658.01,1665.37,332802
2025-01-02,1664.66,1673.32,1644.16,1649.84,337628
2025-01-03,1650.29,1656.7,1615.15,1619.16,147807
2025-01-06,1620.32,1630.38,1595.62,1605.4,181360
2025-01-07,1605.43,1615.82,1573.05,1580.74,171787
2025-01-08,1583.84,1610.19,1573.82,1598.3,290927
2025-01-09,1601.68,1632.69,1588.87,1616.73,265292
2025-01-10,1612.41,1621.63,1584.75,1591.15,295271
2025-01-13,1590.33,1600.9,1559.21,1569.54,205643
2025-01-14,1569.1,1622.06,1562.72,1612.59,185324
2025-01-15,1613.68,1622.76,1560.03,1568.23,408785
2025-01-16,1569.06,1577.97,1560.34,1567.44,222997
2025-01-17,1569.52,1626.67,1559.93,1616.1,233527
2025-01-20,1616.64,1631.32,1591.36,1605.91,328536
2025-01-21,1605.14,1625.02,1600.61,1618.89,255197
2025-01-22,1619.48,1634.92,1612.44,1626.78,290076
2025-01-23,1626.17,1638.52,1620.01,1628.37,356976
2025-01-24,1629.31,1644.42,1610.7,1622.36,238753
2025-01-27,1621.5,1650.06,1612.05,1634.9,255285
2025-01-28,1632.98,1655.39,1622.25,1643.7,385169
2025-01-29,1643.13,1667.3,1634.75,1655.55,320986
2025-01-30,1657.16,1675.46,1650.19,1665.23,190752
2025-01-31,1665.63,1673.68,1634.55,1642.01,178451
2025-02-03,1640.47,1654.22,1634.45,1647.56,331100
2025-02-04,1644.97,1664.76,1638.37,1656.41,395566
2025-02-05,1655.49,1692.56,1644.42,1680.29,302742
2025-02-06,1679.02,1693.27,1657.66,1666.98,237143
2025-02-07,1665.46,1676.59,1653.09,1659.9,136886
2025-02-10,1660.54,1673.77,1638.28,1649.02,97367
2025-02-11,1649.8,1662.95,1640.38,1652.59,306742
2025-02-12,1653.05,1676.23,1649.86,1671.79,171942
2025-02-13,1672.57,1676.57,1652.93,1656.66,402287
2025-02-14,1655.43,1688.48,1647.68,1677.93,136918
2025-02-17,1677.5,1699.05,1664.01,1680.61,123709
2025-02-18,1685.24,1708.44,1681.9,1704.91,380597
2025-02-19,1705.21,1728.66,1694.7,1714.71,410484
2025-02-20,1713.54,1736.43,1701.71,1721.05,155931
2025-02-21,1719.73,1732.37,1687.84,1696.23,211357
2025-02-24,1697.93,1711.12,1692.88,1705.3,286517
2025-02-25,1707.23,1731.1,1697.34,1718.07,280005
2025-02-26,1720.45,1739.6,1713.55,1731.78,411459
2025-02-27,1731.18,1752.85,1727.55,1747.08,187298
2025-02-28,1748.2,1760.36,1731.15,1740.63,136124
2025-03-03,1742.9,1752.59,1724.24,1731.45,151699
2025-03-04,1734.45,1746.34,1721.42,1731.93,403863
2025-03-05,1732.99,1741.27,1712.19,1719.42,354006
2025-03-06,1722.38,1753.36,1712.82,1742.07,118372
2025-03-07,1740.25,1765.76,1729.24,1751.87,86664
2025-03-10,1752.76,1769.04,1725.19,1740.89,262949
2025-03-11,1742.31,1757.49,1721.31,1732.79,274226
2025-03-12,1734.33,1747.95,1699.4,1708.0,334971
2025-03-13,1709.77,1719.06,1698.42,1704.44,298979
2025-03-14,1706.94,1732.16,1700.52,1724.01,215881
2025-03-17,1725.51,1731.77,1720.28,1725.89,288229
2025-03-18,1727.28,1731.39,1721.82,1725.86,149568
2025-03-19,1723.48,1737.0,1703.15,1713.61,371210
2025-03-20,1713.79,1730.54,1703.93,1716.4,181659
2025-03-21,1716.89,1723.66,1710.14,1715.15,343208
2025-03-24,1713.77,1721.45,1682.64,1689.94,197771
2025-03-25,1688.9,1702.94,1663.81,1677.51,266678
2025-03-26,1677.55,1686.09,1654.87,1661.28,170407
2025-03-27,1658.75,1685.86,1646.02,1670.88,214804
2025-03-28,1669.86,1693.67,1664.83,1687.66,351956
2025-03-31,1686.68,1713.83,1681.14,1705.72,393244
2025-04-01,1709.42,1717.39,1702.7,1708.64,357702
2025-04-02,1710.82,1728.55,1702.65,1718.18,176567
2025-04-03,1720.84,1750.42,1714.91,1742.46,159629
2025-04-04,1744.86,1747.6,1738.06,1740.08,331146
2025-04-07,1738.93,1746.57,1731.72,1737.35,85175
2025-04-08,1738.16,1753.14,1726.17,1740.79,221319
2025-04-09,1742.51,1755.89,1727.48,1740.5,287980
2025-04-10,1742.39,1749.05,1732.97,1737.21,108805
2025-04-11,1736.99,1750.96,1724.39,1736.99,267918
2025-04-14,1740.81,1758.07,1721.85,1737.01,406928
2025-04-15,1738.5,1756.57,1725.4,1739.15,164264
2025-04-16,1738.81,1752.63,1729.74,1742.08,193373
2025-04-17,1744.19,1764.36,1728.55,1745.12,142251
2025-04-18,1745.12,1761.03,1722.66,1737.24,95118
2025-04-21,1736.38,1749.71,1730.8,1741.63,288271
2025-04-22,1744.22,1747.98,1740.3,1743.92,217120
2025-04-23,1745.82,1758.46,1725.46,1736.74,404359
2025-04-24,1735.59,1752.67,1721.21,1737.77,255892
2025-04-25,1736.58,1746.88,1727.57,1736.09,334449
2025-04-28,1733.09,1738.12,1726.83,1731.75,317007
2025-04-29,1730.8,1756.06,1721.8,1744.12,169270
2025-04-30,1742.59,1750.32,1731.84,1737.76,109882
2025-05-01,1735.48,1745.1,1730.24,1736.88,353660
2025-05-02,1738.47,1749.97,1731.93,1739.89,110852
2025-05-05,1739.16,1748.52,1717.41,1725.6,283381
2025-05-06,1725.41,1739.06,1711.65,1721.71,246559
2025-05-07,1722.67,1741.45,1713.3,1729.51,233393
2025-05-08,1727.56,1742.53,1708.61,1718.82,81141
2025-05-09,1719.69,1739.68,1708.56,1727.0,166651
2025-05-12,1727.3,1741.03,1712.37,1725.48,390406
2025-05-13,1725.04,1739.41,1714.18,1725.67,193880
2025-05-14,1729.53,1743.6,1719.08,1731.47,364662
2025-05-15,1730.6,1743.26,1718.39,1726.8,238620
2025-05-16,1725.52,1741.51,1711.93,1723.58,112788
2025-05-19,1726.1,1736.52,1713.61,1720.9,276654
2025-05-20,1720.24,1733.84,1714.53,1724.47,405944
2025-05-21,1723.05,1736.91,1711.3,1724.88,365014
2025-05-22,1723.07,1730.88,1716.27,1723.28,371361
2025-05-23,1722.94,1734.55,1712.58,1722.74,416137
2025-05-26,1723.45,1731.55,1717.31,1722.37,359190
2025-05-27,1722.65,1740.27,1706.77,1723.3,327094
2025-05-28,1723.4,1738.32,1715.82,1726.32,194483
2025-05-29,1728.12,1736.32,1720.34,1726.49,120037
2025-05-30,1727.67,1746.02,1711.98,1730.26,350304
2025-06-02,1730.44,1734.89,1725.92,1729.17,351655
2025-06-03,1729.85,1731.14,1729.01,1730.24,219586
2025-06-04,1728.5,1750.46,1713.93,1735.03,304031
2025-06-05,1733.96,1750.79,1724.97,1738.91,150375
2025-06-06,1738.39,1757.42,1732.05,1747.92,324698
2025-06-09,1747.14,1761.32,1733.49,1746.8,132613
2025-06-10,1745.85,1759.43,1737.84,1749.62,202649
2025-06-11,1752.63,1762.24,1733.32,1739.05,178058
2025-06-12,1740.59,1749.74,1723.18,1729.86,405078
2025-06-13,1732.61,1741.51,1721.61,1729.58,341003
2025-06-16,1732.43,1755.88,1721.88,1745.15,331062
2025-06-17,1743.46,1752.34,1731.74,1737.8,147195
2025-06-18,1738.4,1746.36,1723.39,1728.93,370104
2025-06-19,1729.89,1744.89,1718.17,1732.08,316394
2025-06-20,1732.56,1750.69,1719.74,1736.13,255885
2025-06-23,1733.29,1753.36,1724.21,1743.11,351982
2025-06-24,1744.43,1757.61,1729.09,1740.63,414145
2025-06-25,1741.89,1753.5,1721.91,1733.33,397423
2025-06-26,1734.58,1748.99,1719.92,1733.62,319139
2025-06-27,1735.25,1739.92,1719.06,1722.94,188870
2025-06-30,1722.64,1733.06,1714.1,1720.69,152114
2025-07-01,1718.99,1731.9,1692.53,1705.13,413886
2025-07-02,1703.29,1713.33,1696.89,1705.41,362444
2025-07-03,1706.13,1720.67,1689.7,1698.96,329691
2025-07-04,1699.82,1715.62,1689.61,1699.41,110598
2025-07-07,1699.49,1706.65,1687.99,1693.15,134074
2025-07-08,1694.32,1710.39,1686.07,1698.62,374814
2025-07-09,1699.38,1710.41,1684.81,1693.33,282963
2025-07-10,1692.01,1709.9,1662.39,1676.26,302333
2025-07-11,1676.62,1682.1,1660.92,1665.74,320920
2025-07-14,1665.93,1678.9,1658.47,1670.03,280406
2025-07-15,1668.97,1690.21,1661.52,1681.79,208037
2025-07-16,1685.31,1695.04,1665.0,1674.13,153694
2025-07-17,1675.0,1694.46,1666.61,1685.68,179479
2025-07-18,1687.14,1697.64,1679.96,1687.14,327872
2025-07-21,1686.66,1713.21,1676.71,1697.91,87288
2025-07-22,1696.91,1707.89,1683.85,1694.37,338083
2025-07-23,1691.85,1711.35,1681.98,1697.1,310390
2025-07-24,1695.6,1718.94,1679.57,1700.02,96289
2025-07-25,1699.73,1715.0,1679.65,1692.49,122639
2025-07-28,1690.71,1703.73,1680.63,1689.85,317186
2025-07-29,1689.49,1704.47,1682.2,1694.36,124479
2025-07-30,1693.04,1706.53,1684.98,1696.45,347167
2025-07-31,1695.98,1717.69,1684.61,1703.34,366940
2025-08-01,1702.57,1723.92,1695.41,1716.3,361588
2025-08-04,1715.34,1727.45,1705.3,1712.56,268081
2025-08-05,1713.02,1719.93,1694.4,1699.97,131206
2025-08-06,1698.28,1714.24,1681.82,1695.32,325288
2025-08-07,1696.87,1709.39,1687.92,1698.98,389440
2025-08-08,1697.9,1712.6,1689.77,1702.63,235588
2025-08-11,1704.11,1711.94,1698.4,1705.2,145404
2025-08-12,1704.14,1708.78,1695.07,1699.14,269394
2025-08-13,1698.88,1704.2,1684.79,1689.92,138422
2025-08-14,1688.47,1703.78,1680.16,1693.57,340420
2025-08-15,1694.99,1701.91,1688.49,1695.16,379010
2025-08-18,1693.3,1697.31,1685.45,1687.91,189785
2025-08-19,1689.0,1695.8,1677.25,1681.95,358900
2025-08-20,1680.84,1688.09,1677.88,1684.26,332743
2025-08-21,1685.32,1687.45,1682.83,1684.9,193296
2025-08-22,1685.4,1689.51,1680.48,1684.37,92681
2025-08-25,1682.33,1690.12,1666.76,1674.31,380900
2025-08-26,1674.35,1684.09,1667.17,1675.38,303247
2025-08-27,1681.21,1691.07,1669.88,1677.28,323717
2025-08-28,1674.91,1691.05,1666.6,1681.4,292043
2025-08-29,1681.69,1691.53,1674.09,1681.94,105878
2025-09-01,1681.98,1695.11,1677.61,1688.73,272430
2025-09-02,1690.78,1699.05,1685.28,1691.97,377783
2025-09-03,1689.51,1699.87,1678.03,1687.09,362337
2025-09-04,1686.74,1696.75,1682.82,1690.25,155306
2025-09-05,1693.51,1704.88,1681.15,1691.2,192529
2025-09-08,1693.09,1704.28,1685.46,1692.82,96112
2025-09-09,1691.15,1715.32,1682.67,1703.46,260655
2025-09-10,1705.89,1718.81,1695.27,1707.08,179677
2025-09-11,1708.77,1726.57,1697.65,1713.89,325527
2025-09-12,1715.54,1725.45,1708.01,1717.9,364748
2025-09-15,1716.25,1731.31,1712.91,1727.16,177445
2025-09-16,1725.83,1742.9,1703.07,1716.4,283447
2025-09-17,1717.87,1723.68,1707.02,1711.94,413476
2025-09-18,1712.1,1724.51,1700.17,1711.27,376918
2025-09-19,1711.69,1721.55,1699.93,1709.67,354711
2025-09-22,1707.76,1724.17,1696.37,1708.92,91746
2025-09-23,1712.62,1725.19,1698.38,1706.1,252539
2025-09-24,1704.36,1711.96,1699.87,1706.32,315234
2025-09-25,1707.25,1719.42,1697.47,1707.4,383903
2025-09-26,1711.46,1721.37,1705.26,1712.59,418476
2025-09-29,1711.06,1726.18,1703.66,1715.39,406378
2025-09-30,1715.51,1729.48,1698.4,1708.87,305239
2025-10-01,1709.46,1722.54,1698.55,1707.49,378471
2025-10-02,1706.64,1713.25,1703.16,1708.51,385183
2025-10-03,1708.09,1717.2,1699.17,1708.13,289888
2025-10-06,1706.03,1715.4,1701.74,1709.17,151196
2025-10-07,1707.24,1721.52,1700.01,1711.91,154125
2025-10-08,1710.83,1723.38,1696.88,1709.24,391248
2025-10-09,1706.57,1732.01,1695.04,1716.05,115439
2025-10-10,1714.14,1724.88,1707.05,1716.52,279298
2025-10-13,1716.85,1722.32,1702.67,1707.25,318226
2025-10-14,1707.37,1716.53,1699.53,1706.69,83236
2025-10-15,1704.59,1717.58,1684.9,1695.2,127352
2025-10-16,1696.71,1703.25,1687.29,1692.73,174413
2025-10-17,1695.22,1702.18,1689.87,1694.45,134414
2025-10-20,1694.04,1706.79,1681.34,1689.65,257815
2025-10-21,1689.54,1695.89,1681.06,1685.1,411263
2025-10-22,1683.83,1707.12,1674.72,1697.52,113986
2025-10-23,1699.21,1710.46,1693.27,1702.64,226624
2025-10-24,1704.48,1716.82,1686.73,1697.3,384733
2025-10-27,1698.5,1704.43,1685.41,1689.76,226479
2025-10-28,1691.88,1707.76,1663.41,1676.48,85526
2025-10-29,1673.49,1685.74,1669.14,1678.56,184381
2025-10-30,1677.62,1700.73,1668.79,1689.53,384033
2025-10-31,1685.78,1691.55,1671.19,1676.84,260707
2025-11-03,1676.73,1689.79,1661.69,1673.93,377858
2025-11-04,1676.4,1681.84,1667.72,1672.69,160962
2025-11-05,1673.96,1685.52,1654.76,1663.32,121031
2025-11-06,1661.06,1681.61,1651.44,1669.29,281238
2025-11-07,1667.66,1680.31,1657.37,1669.44,126717
2025-11-10,1669.99,1683.35,1662.97,1673.09,301088
2025-11-11,1672.78,1686.86,1663.69,1674.94,370684
2025-11-12,1674.63,1681.67,1661.01,1665.75,219655
2025-11-13,1664.18,1679.66,1649.88,1662.96,198123
2025-11-14,1663.24,1679.18,1651.65,1664.38,91382
2025-11-17,1664.62,1676.16,1658.77,1669.24,322582
2025-11-18,1669.96,1682.14,1654.2,1666.05,86396
2025-11-19,1664.9,1677.1,1650.5,1659.55,248490
2025-11-20,1658.74,1670.36,1646.1,1655.75,174538
2025-11-21,1653.52,1667.52,1638.96,1652.93,359604
2025-11-24,1654.49,1670.43,1644.58,1658.02,356859
2025-11-25,1659.5,1678.06,1654.73,1672.35,153568
2025-11-26,1674.53,1684.83,1667.45,1674.45,392170
2025-11-27,1676.22,1691.85,1666.03,1680.58,172003
2025-11-28,1679.19,1701.5,1667.89,1689.08,381955
2025-12-01,1690.94,1698.66,1665.43,1672.23,398217
2025-12-02,1670.33,1686.21,1653.57,1667.81,96821
2025-12-03,1667.63,1687.43,1663.57,1681.35,382537
2025-12-04,1683.14,1692.33,1641.19,1646.81,135025
2025-12-05,1648.86,1650.02,1613.66,1614.39,296419
2025-12-08,1613.28,1642.75,1608.55,1635.25,149181
2025-12-09,1637.61,1645.11,1589.35,1593.76,243516
2025-12-10,1594.2,1600.36,1538.93,1544.65,139604
2025-12-11,1545.76,1555.33,1518.46,1527.08,177853
2025-12-12,1527.0,1565.18,1518.14,1553.54,136599
2025-12-15,1551.73,1563.63,1547.3,1558.72,88939
2025-12-16,1560.29,1569.97,1541.98,1550.16,277198
2025-12-17,1549.89,1561.98,1522.35,1532.04,292157
2025-12-18,1530.75,1569.22,1523.93,1558.24,340595
2025-12-19,1558.16,1567.82,1531.34,1540.45,96506
2025-12-22,1542.26,1551.4,1536.14,1542.79,400075
2025-12-23,1542.95,1554.46,1536.49,1545.29,200154
2025-12-24,1545.74,1557.87,1528.62,1536.42,172944
2025-12-25,1537.1,1555.07,1529.38,1546.3,282143
2025-12-26,1548.56,1558.47,1519.18,1526.52,323911
2025-12-29,1527.62,1571.92,1522.5,1565.06,360352
2025-12-30,1567.69,1584.55,1559.9,1573.82,222467
2025-12-31,1571.31,1577.42,1512.34,1517.1,205396
2026-01-01,1519.23,1527.65,1514.54,1521.67,320548
2026-01-02,1521.36,1587.68,1519.23,1584.57,146474
2026-01-05,1583.35,1596.28,1526.38,1533.91,363868
2026-01-06,1536.74,1545.45,1509.36,1515.12,141719
2026-01-07,1517.91,1543.1,1510.87,1532.49,244103
2026-01-08,1531.56,1542.41,1509.02,1517.4,99790
2026-01-09,1515.8,1529.0,1417.9,1429.37,207407
2026-01-12,1431.49,1441.53,1378.96,1385.47,362912
2026-01-13,1386.25,1394.43,1350.86,1356.11,406457
2026-01-14,1355.99,1375.42,1348.88,1367.27,207998
2026-01-15,1364.39,1369.27,1353.85,1357.7,277803
2026-01-16,1361.06,1377.61,1351.03,1366.42,257362
2026-01-19,1365.01,1386.87,1360.74,1379.82,392354
2026-01-20,1379.42,1411.45,1372.38,1402.83,192877
2026-01-21,1404.63,1420.33,1396.15,1409.39,92935
2026-01-22,1407.66,1411.18,1395.28,1397.55,292181
2026-01-23,1398.6,1423.9,1393.02,1416.34,291957
2026-01-26,1416.01,1419.05,1403.31,1405.14,80391
2026-01-27,1404.33,1421.96,1396.03,1412.08,99262
2026-01-28,1411.28,1418.97,1357.65,1363.95,241648
2026-01-29,1361.95,1382.95,1359.07,1378.1,240840
2026-01-30,1379.03,1389.29,1347.82,1356.18,115627
2026-02-02,1356.84,1366.8,1350.51,1359.01,260918
2026-02-03,1358.98,1370.32,1336.57,1346.92,102797
2026-02-04,1344.56,1357.91,1339.06,1351.97,389108
2026-02-05,1350.69,1362.54,1347.49,1357.59,297522
2026-02-06,1359.12,1369.33,1347.2,1356.34,408552
2026-02-09,1353.93,1357.23,1344.09,1347.25,217729
2026-02-10,1346.17,1357.1,1338.01,1348.58,375244
2026-02-11,1349.87,1358.89,1343.5,1349.02,409279
2026-02-12,1350.02,1359.4,1342.85,1348.52,396715
2026-02-13,1347.71,1348.95,1343.71,1344.8,403059
2026-02-16,1345.2,1355.52,1343.34,1352.46,221596
2026-02-17,1351.15,1358.88,1343.12,1348.29,245454
2026-02-18,1348.32,1358.57,1341.5,1349.3,90339
2026-02-19,1349.38,1357.07,1341.29,1346.51,325763
2026-02-20,1347.97,1351.48,1342.61,1345.91,413285
2026-02-23,1347.45,1355.38,1343.46,1351.26,239324
2026-02-24,1352.36,1357.31,1331.49,1334.69,412795
2026-02-25,1334.1,1339.0,1328.57,1333.16,340613
2026-02-26,1331.97,1348.96,1325.14,1340.58,353813
2026-02-27,1340.24,1351.28,1331.59,1339.08,274449
2026-03-02,1340.32,1352.71,1333.43,1344.25,280890
2026-03-03,1346.27,1355.09,1338.88,1346.3,176812
2026-03-04,1345.58,1359.57,1339.58,1350.24,400655
2026-03-05,1349.47,1366.68,1343.74,1357.99,176750
2026-03-06,1360.39,1363.89,1359.24,1362.53,401090
2026-03-09,1364.7,1379.26,1358.27,1370.27,98448
2026-03-10,1371.45,1374.78,1364.34,1367.38,256350
2026-03-11,1369.28,1376.75,1365.32,1371.2,313739
2026-03-12,1375.35,1385.3,1358.81,1367.68,201949
2026-03-13,1367.27,1373.56,1358.57,1362.45,186745
2026-03-16,1364.88,1379.75,1358.74,1373.29,105738
2026-03-17,1372.88,1377.45,1367.3,1370.41,152396
2026-03-18,1372.36,1381.52,1363.43,1369.29,85673
2026-03-19,1371.03,1380.26,1360.44,1368.7,337977
2026-03-20,1367.53,1370.25,1363.61,1365.46,258461
2026-03-23,1365.6,1374.74,1356.55,1362.53,147467
2026-03-24,1362.51,1370.06,1352.58,1359.95,91979
2026-03-25,1358.54,1365.78,1343.52,1350.15,250905
2026-03-26,1351.85,1361.24,1345.28,1354.55,168509
2026-03-27,1355.65,1365.07,1346.18,1355.16,313572
2026-03-30,1357.61,1373.12,1350.53,1363.4,276108
2026-03-31,1361.89,1372.95,1357.97,1367.39,301236
2026-04-01,1366.47,1378.63,1348.45,1360.46,273365
2026-04-02,1360.18,1373.34,1355.82,1367.07,355756
2026-04-03,1369.12,1378.94,1356.06,1363.93,198969
2026-04-06,1365.29,1374.22,1357.41,1363.79,211660
2026-04-07,1365.32,1374.36,1360.06,1367.61,212415
2026-04-08,1367.59,1399.1,1360.63,1390.98,254628
2026-04-09,1392.73,1401.49,1371.91,1379.38,171872
2026-04-10,1381.86,1402.64,1373.78,1391.87,242388
2026-04-13,1392.66,1399.22,1380.92,1386.1,410433
2026-04-14,1387.19,1393.1,1372.21,1378.07,142783
2026-04-15,1376.64,1383.07,1367.65,1372.31,226914
2026-04-16,1371.62,1383.75,1357.57,1365.81,168575
2026-04-17,1365.36,1376.36,1354.52,1365.09,294608
2026-04-20,1364.91,1375.7,1357.53,1364.96,289677
2026-04-21,1367.16,1374.42,1354.99,1360.88,184528
2026-04-22,1360.32,1383.28,1352.79,1374.27,263335
2026-04-23,1374.7,1386.28,1360.34,1368.97,242511
2026-04-24,1369.49,1378.17,1356.43,1363.57,221000
2026-04-27,1365.51,1370.56,1361.11,1365.7,275521
2026-04-28,1363.22,1372.44,1352.63,1360.95,231687
2026-04-29,1360.62,1391.83,1356.52,1386.31,330943
2026-04-30,1385.05,1395.52,1372.49,1382.76,90209
2026-05-01,1382.83,1396.54,1371.05,1380.5,245902
2026-05-04,1380.29,1394.76,1374.25,1388.52,325809
2026-05-05,1389.44,1400.83,1378.39,1388.54,214849
2026-05-06,1388.61,1409.02,1386.31,1405.82,392088
2026-05-07,1406.0,1414.0,1377.09,1384.32,130176
2026-05-08,1385.09,1392.56,1369.77,1375.93,190381
2026-05-11,1372.8,1386.95,1365.96,1377.99,134307
2026-05-12,1377.84,1386.5,1371.76,1380.01,333974
2026-05-13,1380.95,1398.41,1372.86,1388.85,206241
2026-05-14,1387.49,1396.77,1367.82,1376.81,235420
2026-05-15,1378.62,1409.99,1368.1,1398.45,119359
2026-05-18,1398.78,1418.59,1393.88,1410.78,126391
2026-05-19,1412.58,1432.56,1408.54,1428.48,375451
2026-05-20,1427.66,1446.16,1422.61,1437.74,312824
2026-05-21,1438.27,1450.23,1422.13,1433.59,240939
2026-05-22,1432.64,1454.82,1426.29,1445.89,249525
2026-05-25,1445.82,1448.69,1442.99,1444.82,342146
2026-05-26,1445.18,1454.75,1429.62,1436.74,150942
2026-05-27,1436.24,1466.74,1432.88,1461.84,85313
2026-05-28,1462.49,1476.75,1454.34,1466.37,366655
2026-05-29,1466.61,1478.79,1461.78,1471.17,304272
2026-06-01,1468.04,1480.79,1456.53,1467.66,159023
2026-06-02,1469.09,1481.08,1463.82,1472.7,366065
2026-06-03,1471.82,1493.07,1465.15,1484.58,413374
2026-06-04,1486.4,1496.19,1473.18,1482.06,90788
2026-06-05,1477.52,1503.08,1469.33,1493.64,345204
2026-06-08,1491.96,1507.41,1485.32,1497.26,194325
2026-06-09,1498.57,1512.63,1481.18,1494.66,189940
2026-06-10,1495.83,1506.19,1482.3,1489.84,329451
2026-06-11,1491.34,1496.78,1484.13,1488.9,147572
2026-06-12,1487.24,1500.45,1469.13,1480.33,110347
2026-06-15,1479.55,1490.92,1463.03,1471.13,373934
2026-06-16,1473.82,1483.36,1453.66,1460.24,189982
2026-06-17,1461.31,1480.92,1458.2,1476.78,411697
2026-06-18,1476.7,1485.89,1454.5,1461.66,159463
2026-06-19,1461.71,1480.92,1452.32,1467.99,310353
2026-06-22,1466.9,1486.65,1460.05,1478.55,257745
2026-06-23,1479.52,1497.61,1467.27,1482.86,103194
2026-06-24,1480.27,1496.31,1468.84,1483.0,86035
2026-06-25,1482.44,1502.15,1476.65,1495.55,276728
2026-06-26,1495.54,1508.49,1485.67,1493.92,128502
2026-06-29,1494.11,1503.21,1482.48,1489.65,241886
2026-06-30,1492.34,1499.58,1488.14,1493.35,266095
2026-07-01,1494.29,1513.72,1485.67,1504.28,198985
2026-07-02,1505.1,1517.64,1500.35,1510.57,418012
2026-07-03,1512.62,1524.46,1505.96,1514.71,142360
2026-07-06,1513.8,1527.58,1502.6,1516.0,161986
2026-07-07,1517.42,1534.69,1509.39,1525.82,331519
2026-07-08,1523.12,1538.4,1516.95,1531.07,222763
2026-07-09,1532.79,1538.19,1521.18,1525.82,258669
2026-07-10,1525.6,1537.43,1489.7,1498.16,246391
2026-07-13,1496.08,1513.63,1491.45,1506.62,204637
2026-07-14,1506.26,1514.33,1495.21,1500.83,213267
2026-07-15,1498.76,1505.86,1495.26,1501.33,290610
2026-07-16,1499.82,1509.22,1484.17,1491.18,185923
2026-07-17,1490.76,1503.15,1485.31,1497.12,228149
2026-07-20,1497.36,1548.68,1487.73,1538.22,194984
2026-07-21,1538.18,1550.66,1519.6,1527.38,274433
2026-07-22,1528.3,1588.17,1518.89,1576.27,115289
2026-07-23,1578.61,1587.13,1525.54,1531.52,268663
2026-07-24,1535.17,1547.81,1522.76,1534.3,414348
2026-07-27,1533.61,1558.7,1521.04,1542.67,375932
2026-07-28,1544.25,1554.85,1515.68,1524.07,222982
2026-07-29,1525.28,1537.01,1487.2,1494.33,295740
2026-07-30,1495.16,1501.4,1472.64,1477.22,197975
2026-07-31,1478.9,1554.76,1464.42,1538.82,210651
2026-08-03,1539.33,1556.42,1528.56,1544.78,313848
2026-08-04,1543.25,1591.69,1537.97,1583.6,248537
2026-08-05,1581.91,1590.64,1546.66,1553.1,123293
2026-08-06,1555.3,1565.55,1511.61,1520.11,278850
2026-08-07,1521.08,1532.74,1501.56,1512.89,165741
